{
    "Africa/Addis_Ababa": "Africa/Nairobi",
    "Africa/Asmara": "Africa/Nairobi",
    "Africa/Asmera": "Africa/Nairobi",
    "Africa/Bamako": "Africa/Abidjan",
    "Africa/Bangui": "Africa/Lagos",
    "Africa/Banjul": "Africa/Abidjan",
    "Africa/Blantyre": "Africa/Maputo",
    "Africa/Brazzaville": "Africa/Lagos",
    "Africa/Bujumbura": "Africa/Maputo",
    "Africa/Conakry": "Africa/Abidjan",
    "Africa/Dakar": "Africa/Abidjan",
    "Africa/Dar_es_Salaam": "Africa/Nairobi",
    "Africa/Djibouti": "Africa/Nairobi",
    "Africa/Douala": "Africa/Lagos",
    "Africa/Freetown": "Africa/Abidjan",
    "Africa/Gaborone": "Africa/Maputo",
    "Africa/Harare": "Africa/Maputo",
    "Africa/Kampala": "Africa/Nairobi",
    "Africa/Kigali": "Africa/Maputo",
    "Africa/Kinshasa": "Africa/Lagos",
    "Africa/Libreville": "Africa/Lagos",
    "Africa/Lome": "Africa/Abidjan",
    "Africa/Luanda": "Africa/Lagos",
    "Africa/Lubumbashi": "Africa/Maputo",
    "Africa/Lusaka": "Africa/Maputo",
    "Africa/Malabo": "Africa/Lagos",
    "Africa/Maseru": "Africa/Johannesburg",
    "Africa/Mbabane": "Africa/Johannesburg",
    "Africa/Mogadishu": "Africa/Nairobi",
    "Africa/Niamey": "Africa/Lagos",
    "Africa/Nouakchott": "Africa/Abidjan",
    "Africa/Ouagadougou": "Africa/Abidjan",
    "Africa/Porto-Novo": "Africa/Lagos",
    "Africa/Timbuktu": "Africa/Abidjan",
    "America/Anguilla": "America/Port_of_Spain",
    "America/Antigua": "America/Port_of_Spain",
    "America/Argentina/ComodRivadavia": "America/Argentina/Catamarca",
    "America/Aruba": "America/Curacao",
    "America/Atka": "America/Adak",
    "America/Buenos_Aires": "America/Argentina/Buenos_Aires",
    "America/Catamarca": "America/Argentina/Catamarca",
    "America/Cayman": "America/Panama",
    "America/Coral_Harbour": "America/Atikokan",
    "America/Cordoba": "America/Argentina/Cordoba",
    "America/Dominica": "America/Port_of_Spain",
    "America/Ensenada": "America/Tijuana",
    "America/Fort_Wayne": "America/Indiana/Indianapolis",
    "America/Godthab": "America/Nuuk",
    "America/Grenada": "America/Port_of_Spain",
    "America/Guadeloupe": "America/Port_of_Spain",
    "America/Indianapolis": "America/Indiana/Indianapolis",
    "America/Jujuy": "America/Argentina/Jujuy",
    "America/Knox_IN": "America/Indiana/Knox",
    "America/Kralendijk": "America/Curacao",
    "America/Louisville": "America/Kentucky/Louisville",
    "America/Lower_Princes": "America/Curacao",
    "America/Marigot": "America/Port_of_Spain",
    "America/Mendoza": "America/Argentina/Mendoza",
    "America/Montreal": "America/Toronto",
    "America/Montserrat": "America/Port_of_Spain",
    "America/Porto_Acre": "America/Rio_Branco",
    "America/Rosario": "America/Argentina/Cordoba",
    "America/Santa_Isabel": "America/Tijuana",
    "America/Shiprock": "America/Denver",
    "America/St_Barthelemy": "America/Port_of_Spain",
    "America/St_Kitts": "America/Port_of_Spain",
    "America/St_Lucia": "America/Port_of_Spain",
    "America/St_Thomas": "America/Port_of_Spain",
    "America/St_Vincent": "America/Port_of_Spain",
    "America/Tortola": "America/Port_of_Spain",
    "America/Virgin": "America/Port_of_Spain",
    "Antarctica/McMurdo": "Pacific/Auckland",
    "Antarctica/South_Pole": "Pacific/Auckland",
    "Arctic/Longyearbyen": "Europe/Oslo",
    "Asia/Aden": "Asia/Riyadh",
    "Asia/Ashkhabad": "Asia/Ashgabat",
    "Asia/Bahrain": "Asia/Qatar",
    "Asia/Calcutta": "Asia/Kolkata",
    "Asia/Chongqing": "Asia/Shanghai",
    "Asia/Chungking": "Asia/Shanghai",
    "Asia/Dacca": "Asia/Dhaka",
    "Asia/Harbin": "Asia/Shanghai",
    "Asia/Istanbul": "Europe/Istanbul",
    "Asia/Kashgar": "Asia/Urumqi",
    "Asia/Katmandu": "Asia/Kathmandu",
    "Asia/Kuwait": "Asia/Riyadh",
    "Asia/Macao": "Asia/Macau",
    "Asia/Muscat": "Asia/Dubai",
    "Asia/Phnom_Penh": "Asia/Bangkok",
    "Asia/Rangoon": "Asia/Yangon",
    "Asia/Saigon": "Asia/Ho_Chi_Minh",
    "Asia/Tel_Aviv": "Asia/Jerusalem",
    "Asia/Thimbu": "Asia/Thimphu",
    "Asia/Ujung_Pandang": "Asia/Makassar",
    "Asia/Ulan_Bator": "Asia/Ulaanbaatar",
    "Asia/Vientiane": "Asia/Bangkok",
    "Atlantic/Faeroe": "Atlantic/Faroe",
    "Atlantic/Jan_Mayen": "Europe/Oslo",
    "Atlantic/St_Helena": "Africa/Abidjan",
    "Australia/Canberra": "Australia/Sydney",
    "Australia/Currie": "Australia/Hobart",
    "Australia/North": "Australia/Darwin",
    "Australia/Queensland": "Australia/Brisbane",
    "Australia/South": "Australia/Adelaide",
    "Australia/Tasmania": "Australia/Hobart",
    "Australia/Victoria": "Australia/Melbourne",
    "Australia/West": "Australia/Perth",
    "Australia/Yancowinna": "Australia/Broken_Hill",
    "Europe/Belfast": "Europe/London",
    "Europe/Bratislava": "Europe/Prague",
    "Europe/Busingen": "Europe/Zurich",
    "Europe/Guernsey": "Europe/London",
    "Europe/Isle_of_Man": "Europe/London",
    "Europe/Jersey": "Europe/London",
    "Europe/Ljubljana": "Europe/Belgrade",
    "Europe/Mariehamn": "Europe/Helsinki",
    "Europe/Nicosia": "Asia/Nicosia",
    "Europe/Podgorica": "Europe/Belgrade",
    "Europe/San_Marino": "Europe/Rome",
    "Europe/Sarajevo": "Europe/Belgrade",
    "Europe/Skopje": "Europe/Belgrade",
    "Europe/Tiraspol": "Europe/Chisinau",
    "Europe/Vaduz": "Europe/Zurich",
    "Europe/Vatican": "Europe/Rome",
    "Europe/Zagreb": "Europe/Belgrade",
    "Indian/Antananarivo": "Africa/Nairobi",
    "Indian/Comoro": "Africa/Nairobi",
    "Indian/Mayotte": "Africa/Nairobi",
    "Pacific/Johnston": "Pacific/Honolulu",
    "Pacific/Midway": "Pacific/Pago_Pago",
    "Pacific/Ponape": "Pacific/Pohnpei",
    "Pacific/Saipan": "Pacific/Guam",
    "Pacific/Samoa": "Pacific/Pago_Pago",
    "Pacific/Truk": "Pacific/Chuuk",
    "Pacific/Yap": "Pacific/Chuuk"
}
